,PassengerId,Survived,Pclass,Name,Sex,Age,SibSp,Parch,Ticket,Fare,Cabin,Embarked
0,1,0,3,103,1,22.0,1,0,408,7.25,134,2
1,2,1,1,179,0,38.0,1,0,471,71.2833,73,0
2,3,1,3,317,0,26.0,0,0,532,7.925,134,2
3,4,1,1,247,0,35.0,1,0,40,53.1,49,2
4,5,0,3,15,1,35.0,0,0,373,8.05,134,2
6,7,0,1,441,1,54.0,0,0,70,51.8625,118,2
7,8,0,3,510,1,2.0,3,1,321,21.075,134,2
8,9,1,3,369,0,27.0,0,2,285,11.1333,134,2
9,10,1,2,474,0,14.0,1,0,113,30.0708,134,0
10,11,1,3,583,0,4.0,1,1,488,16.7,132,2
11,12,1,1,94,0,58.0,0,0,30,26.55,44,2
12,13,0,3,585,1,20.0,0,0,418,8.05,134,2
13,14,0,3,28,1,39.0,1,5,274,31.275,134,2
14,15,0,3,675,0,14.0,0,0,339,7.8542,134,2
15,16,1,2,322,0,55.0,0,0,129,16.0,134,2
16,17,0,3,555,1,2.0,4,1,377,29.125,134,1
18,19,0,3,674,0,31.0,1,0,243,18.0,134,2
20,21,0,2,248,1,35.0,0,0,116,26.0,134,2
21,22,1,2,79,1,34.0,0,0,128,13.0,100,2
22,23,1,3,443,0,15.0,0,0,230,8.0292,134,1
23,24,1,1,613,1,28.0,0,0,34,35.5,10,2
24,25,0,3,512,0,8.0,3,1,321,21.075,134,2
25,26,1,3,44,0,38.0,1,5,270,31.3875,134,2
27,28,0,1,238,1,19.0,3,2,78,263.0,56,2
30,31,0,1,663,1,40.0,0,0,472,27.7208,134,0
33,34,0,2,689,1,66.0,0,0,430,10.5,134,2
34,35,0,1,451,1,28.0,1,0,474,82.1708,134,0
35,36,0,1,335,1,42.0,1,0,35,52.0,134,2
37,38,0,3,126,1,21.0,0,0,401,8.05,134,2
38,39,0,3,672,0,18.0,2,0,244,18.0,134,2
39,40,1,3,486,0,14.0,1,0,155,11.2417,134,0
40,41,0,3,7,0,40.0,1,0,395,9.475,134,2
41,42,0,2,662,0,27.0,1,0,44,21.0,134,2
43,44,1,2,395,0,3.0,1,2,502,41.5792,134,0
44,45,1,3,198,0,19.0,0,0,231,7.8792,134,1
49,50,0,3,38,0,18.0,1,0,305,17.8,134,2
50,51,0,3,515,1,7.0,4,1,208,39.6875,134,2
51,52,0,3,491,1,21.0,0,0,407,7.8,134,2
52,53,1,1,301,0,49.0,1,0,463,76.7292,91,0
53,54,1,2,228,0,29.0,1,0,198,26.0,134,2
54,55,0,1,507,1,65.0,0,1,23,61.9792,19,0
56,57,1,2,575,0,21.0,0,0,436,10.5,134,2
57,58,0,3,492,1,28.5,0,0,175,7.2292,134,0
58,59,1,2,686,0,5.0,1,2,442,27.75,134,2
59,60,0,3,270,1,11.0,5,2,446,46.9,134,2
60,61,0,3,600,1,22.0,0,0,162,7.2292,134,0
61,62,1,1,346,0,38.0,0,0,25,80.0,17,3
62,63,0,1,304,1,45.0,1,0,367,83.475,72,2
63,64,0,3,605,1,4.0,3,2,278,27.9,134,2
66,67,1,2,493,0,29.0,0,0,434,10.5,130,2
67,68,0,3,174,1,19.0,0,0,493,8.1583,134,2
68,69,1,3,25,0,17.0,4,2,207,7.925,134,2
69,70,0,3,386,1,26.0,2,0,226,8.6625,134,2
70,71,0,2,355,1,32.0,0,0,438,10.5,134,2
71,72,0,3,271,0,16.0,5,2,446,46.9,134,2
72,73,0,2,339,1,21.0,0,0,491,73.5,134,2
73,74,0,3,151,1,26.0,1,0,166,14.4542,134,0
74,75,1,3,86,1,32.0,0,0,66,56.4958,134,2
75,76,0,3,459,1,25.0,0,0,288,7.65,128,2
78,79,1,2,120,1,0.83,0,2,134,29.0,134,2
79,80,1,3,208,0,30.0,0,0,354,12.475,134,2
80,81,0,3,677,1,22.0,0,0,246,9.0,134,2
81,82,1,3,591,1,29.0,0,0,252,9.5,134,2
83,84,0,1,132,1,28.0,0,0,19,47.1,134,2
84,85,1,2,347,0,17.0,0,0,505,10.5,134,2
85,86,1,3,52,0,33.0,3,0,206,15.85,134,2
86,87,0,3,233,1,16.0,1,3,538,34.375,134,2
88,89,1,1,237,0,23.0,3,2,78,263.0,56,2
89,90,0,3,140,1,24.0,0,0,239,8.05,134,2
90,91,0,3,149,1,29.0,0,0,240,8.05,134,2
91,92,0,3,31,1,20.0,0,0,282,7.8542,134,2
92,93,0,1,141,1,46.0,1,0,539,61.175,111,2
93,94,0,3,196,1,26.0,1,2,429,20.575,134,2
94,95,0,3,173,1,59.0,0,0,350,7.25,134,2
96,97,0,1,263,1,71.0,0,0,479,34.6542,9,0
97,98,1,1,279,1,23.0,0,1,484,63.3583,82,0
98,99,1,2,204,0,34.0,0,1,98,23.0,134,2
99,100,0,2,377,1,34.0,1,0,127,26.0,134,2
100,101,0,3,534,0,28.0,0,0,312,7.8958,134,2
102,103,0,1,691,1,21.0,0,1,343,77.2875,88,2
103,104,0,3,362,1,33.0,0,0,393,8.6542,134,2
104,105,0,3,283,1,37.0,2,0,204,7.925,134,2
105,106,0,3,457,1,28.0,0,0,294,7.8958,134,2
106,107,1,3,581,0,21.0,0,0,238,7.65,134,2
108,109,0,3,548,1,38.0,0,0,316,7.8958,134,2
110,111,0,1,543,1,47.0,0,0,2,52.0,46,2
111,112,0,3,707,0,14.5,1,0,159,14.4542,134,0
112,113,0,3,67,1,22.0,0,0,229,8.05,134,2
113,114,0,3,372,0,20.0,1,0,382,9.825,134,2
114,115,0,3,46,0,17.0,0,0,150,14.4583,134,0
115,116,0,3,527,1,21.0,0,0,529,7.925,134,2
116,117,0,3,167,1,70.5,0,0,369,7.75,134,1
117,118,0,2,661,1,29.0,1,0,44,21.0,134,2
118,119,0,1,69,1,24.0,0,1,461,247.5208,32,0
119,120,0,3,24,0,2.0,4,2,274,31.275,134,2
120,121,0,2,325,1,21.0,2,0,491,73.5,134,2
122,123,0,2,473,1,32.5,1,0,113,30.0708,134,0
123,124,1,2,682,0,32.5,0,0,178,13.0,105,2
124,125,0,1,690,1,54.0,0,1,343,77.2875,88,2
125,126,1,3,485,1,12.0,1,0,155,11.2417,134,0
127,128,1,3,430,1,24.0,0,0,422,7.1417,134,2
129,130,0,3,219,1,45.0,0,0,259,6.975,134,2
130,131,0,3,210,1,33.0,0,0,308,7.8958,134,0
131,132,0,3,154,1,20.0,0,0,507,7.05,134,2
132,133,0,3,566,0,47.0,1,0,420,14.5,134,2
133,134,1,2,684,0,29.0,1,0,92,26.0,134,2
134,135,0,2,617,1,25.0,0,0,433,13.0,134,2
135,136,0,2,558,1,23.0,0,0,499,15.0458,134,0
136,137,1,1,482,0,19.0,0,2,46,26.2833,96,2
137,138,0,1,246,1,37.0,1,0,40,53.1,49,2
138,139,0,3,505,1,16.0,0,0,392,9.2167,134,2
139,140,0,1,255,1,24.0,0,0,467,79.2,40,0
141,142,1,3,494,0,22.0,0,0,273,7.75,134,2
142,143,1,3,288,0,24.0,1,0,531,15.85,134,2
143,144,0,3,110,1,19.0,0,0,358,6.75,134,1
144,145,0,2,32,1,18.0,0,0,99,11.5,134,2
145,146,0,2,483,1,19.0,1,1,439,36.75,134,2
146,147,1,3,29,1,27.0,0,0,331,7.7958,134,2
147,148,0,3,232,0,9.0,2,2,538,34.375,134,2
148,149,0,2,478,1,36.5,0,2,94,26.0,129,2
149,150,0,2,115,1,42.0,0,0,124,13.0,134,2
150,151,0,2,68,1,51.0,0,0,492,12.525,134,2
151,152,1,1,526,0,22.0,1,0,28,66.6,54,2
152,153,0,3,449,1,55.5,0,0,402,8.05,134,2
153,154,0,3,713,1,40.5,0,2,421,14.5,134,2
155,156,0,1,698,1,51.0,0,1,470,61.3792,134,0
156,157,1,3,260,0,16.0,0,0,344,7.7333,134,1
157,158,0,3,170,1,30.0,0,0,517,8.05,134,2
160,161,0,3,175,1,44.0,0,1,372,16.1,134,2
161,162,1,2,681,0,40.0,0,0,440,15.75,134,2
162,163,0,3,81,1,26.0,0,0,264,7.775,134,2
163,164,0,3,122,1,17.0,0,0,221,8.6625,134,2
164,165,0,3,514,1,1.0,4,1,208,39.6875,134,2
165,166,1,3,264,1,9.0,0,2,346,20.525,134,2
167,168,0,3,610,0,45.0,1,4,278,27.9,134,2
169,170,0,3,418,1,28.0,0,0,66,56.4958,134,2
170,171,0,1,667,1,61.0,0,0,5,33.5,14,2
171,172,0,3,553,1,4.0,4,1,377,29.125,134,1
172,173,1,3,365,0,1.0,1,1,285,11.1333,134,2
173,174,0,3,602,1,21.0,0,0,522,7.925,134,2
174,175,0,1,616,1,56.0,0,0,74,30.6958,11,0
175,176,0,3,389,1,18.0,1,1,338,7.8542,134,2
177,178,0,1,349,0,50.0,0,0,468,28.7125,61,0
178,179,0,2,289,1,30.0,0,0,145,13.0,134,2
179,180,0,3,407,1,36.0,0,0,452,0.0,134,2
182,183,0,3,41,1,9.0,4,2,270,31.3875,134,2
183,184,1,2,75,1,1.0,2,1,95,39.0,131,2
184,185,1,3,387,0,4.0,0,2,227,22.025,134,2
187,188,1,1,568,1,45.0,0,0,10,26.55,134,2
188,189,0,3,97,1,40.0,1,1,356,15.5,134,1
189,190,0,3,658,1,36.0,0,0,314,7.8958,134,2
190,191,1,2,541,0,32.0,0,0,103,13.0,134,2
191,192,0,2,127,1,19.0,0,0,186,13.0,134,2
192,193,1,3,20,0,19.0,1,0,332,7.8542,134,2
193,194,1,2,477,1,3.0,1,1,94,26.0,129,2
194,195,1,1,107,0,44.0,0,0,477,27.7208,24,0
195,196,1,1,427,0,58.0,0,0,462,146.5208,38,0
197,198,0,3,499,1,42.0,0,1,385,8.4042,134,2
199,200,0,2,706,0,24.0,0,0,136,13.0,134,2
200,201,0,3,669,1,28.0,0,0,248,9.5,134,2
202,203,0,3,360,1,34.0,0,0,201,6.4958,134,2
203,204,0,3,705,1,45.5,0,0,151,7.225,134,0
204,205,1,3,155,1,18.0,0,0,413,8.05,134,2
205,206,0,3,631,0,2.0,0,1,257,10.4625,132,2
206,207,0,3,51,1,32.0,1,0,206,15.85,134,2
207,208,1,3,9,1,26.0,0,0,176,18.7875,134,0
208,209,1,3,131,0,16.0,0,0,360,7.75,134,1
209,210,1,1,93,1,40.0,0,0,14,31.0,6,0
210,211,0,3,12,1,24.0,0,0,509,7.05,134,2
211,212,1,2,124,0,35.0,0,0,449,21.0,134,2
212,213,0,3,531,1,22.0,0,0,411,7.25,134,2
213,214,0,2,261,1,30.0,0,0,139,13.0,134,2
215,216,1,1,479,0,31.0,1,0,342,113.275,93,0
216,217,1,3,338,0,27.0,0,0,533,7.925,134,2
217,218,0,2,350,1,42.0,1,0,119,27.0,134,2
218,219,1,1,71,0,32.0,0,0,53,76.2917,84,0
219,220,0,2,305,1,30.0,0,0,540,10.5,134,2
220,221,1,3,633,1,16.0,0,0,516,8.05,134,2
221,222,0,2,101,1,27.0,0,0,87,13.0,134,2
222,223,0,3,277,1,51.0,0,0,84,8.05,134,2
224,225,1,1,341,1,38.0,1,0,77,90.0,79,2
225,226,0,3,82,1,22.0,0,0,487,9.35,134,2
226,227,1,2,448,1,19.0,0,0,535,10.5,134,2
227,228,0,3,424,1,20.5,0,0,410,7.25,134,2
228,229,0,2,226,1,18.0,0,0,106,13.0,134,2
230,231,1,1,306,0,35.0,1,0,367,83.475,72,2
231,232,0,3,399,1,29.0,0,0,263,7.775,134,2
232,233,0,2,604,1,59.0,0,0,109,13.5,134,2
233,234,1,3,43,0,5.0,4,2,270,31.3875,134,2
234,235,0,2,411,1,24.0,0,0,435,10.5,134,2
236,237,0,2,333,1,44.0,1,0,163,26.0,134,2
237,238,1,2,161,0,8.0,0,2,437,26.25,134,2
238,239,0,2,530,1,19.0,0,0,190,10.5,134,2
239,240,0,2,344,1,33.0,0,0,504,12.275,134,2
242,243,0,2,158,1,29.0,0,0,537,10.5,134,2
243,244,0,3,431,1,22.0,0,0,521,7.125,134,2
244,245,0,3,47,1,30.0,0,0,173,7.225,134,0
245,246,0,1,454,1,44.0,2,0,76,90.0,70,1
246,247,0,3,413,0,25.0,0,0,266,7.775,134,2
247,248,1,2,291,0,24.0,0,2,142,14.5,134,2
248,249,1,1,77,1,37.0,1,1,45,52.5542,92,2
249,250,0,2,138,1,54.0,1,0,121,26.0,134,2
251,252,0,3,632,0,29.0,1,1,257,10.4625,132,2
252,253,0,1,625,1,62.0,0,0,24,26.55,75,2
253,254,0,3,419,1,30.0,1,0,419,16.1,134,2
254,255,0,3,570,0,41.0,0,2,368,20.2125,134,2
255,256,1,3,654,0,29.0,0,2,154,15.2458,134,0
257,258,1,1,147,0,30.0,0,0,0,86.5,36,2
258,259,1,1,679,0,35.0,0,0,480,512.3292,134,0
259,260,1,2,520,0,50.0,0,1,96,26.0,134,2
261,262,1,3,42,1,3.0,4,2,270,31.3875,134,2
262,263,0,1,641,1,52.0,1,1,1,79.65,123,2
263,264,0,1,307,1,40.0,0,0,13,0.0,41,2
265,266,0,2,547,1,36.0,0,0,427,10.5,134,2
266,267,0,3,517,1,16.0,4,1,208,39.6875,134,2
267,268,1,3,533,1,25.0,1,0,275,7.775,134,2
268,269,1,1,276,0,58.0,0,1,464,153.4625,51,2
269,270,1,1,90,0,35.0,0,0,485,135.6333,80,2
271,272,1,3,653,1,25.0,0,0,452,0.0,134,2
272,273,1,2,447,0,41.0,0,1,138,19.5,134,2
273,274,0,1,475,1,37.0,0,1,469,29.7,48,0
275,276,1,1,33,0,63.0,1,0,60,77.9583,102,2
276,277,0,3,414,0,45.0,0,0,267,7.75,134,2
278,279,0,3,554,1,7.0,4,1,377,29.125,134,1
279,280,1,3,2,0,35.0,1,1,432,20.25,134,2
280,281,0,3,212,1,65.0,0,0,234,7.75,134,1
281,282,0,3,501,1,28.0,0,0,281,7.8542,134,2
282,283,0,3,711,1,16.0,0,0,251,9.5,134,2
283,284,1,3,206,1,19.0,0,0,416,8.05,134,2
285,286,0,3,622,1,33.0,0,0,306,8.6625,134,0
286,287,1,3,710,1,30.0,0,0,250,9.5,134,2
287,288,0,3,469,1,22.0,0,0,293,7.8958,134,2
288,289,1,2,340,1,42.0,0,0,115,13.0,134,2
289,290,1,3,166,0,22.0,0,0,370,7.75,134,1
290,291,1,1,65,0,26.0,0,0,75,78.85,134,2
291,292,1,1,89,0,19.0,1,0,54,91.0792,27,0
292,293,0,2,410,1,36.0,0,0,503,12.875,81,0
293,294,0,3,286,0,24.0,0,0,304,8.85,134,2
294,295,0,3,456,1,24.0,0,0,303,7.8958,134,2
296,297,0,3,293,1,23.5,0,0,172,7.2292,134,0
297,298,0,1,17,0,2.0,1,2,29,151.55,55,2
299,300,1,1,70,0,50.0,0,1,461,247.5208,32,0
302,303,0,3,368,1,19.0,0,0,452,0.0,134,2
305,306,1,1,16,1,0.92,1,2,29,151.55,55,2
307,308,1,1,529,0,17.0,1,0,483,108.9,66,0
308,309,0,2,3,1,30.0,1,0,453,24.0,134,0
309,310,1,1,241,0,30.0,0,0,460,56.9292,114,0
310,311,1,1,313,0,24.0,0,0,50,83.1583,64,0
311,312,1,1,577,0,18.0,2,2,475,262.375,31,0
312,313,0,2,391,0,26.0,1,1,143,26.0,134,2
313,314,0,3,319,1,28.0,0,0,310,7.8958,134,2
314,315,0,2,309,1,43.0,1,1,450,26.25,134,2
315,316,1,3,487,0,26.0,0,0,284,7.8542,134,2
316,317,1,2,378,0,24.0,1,0,127,26.0,134,2
317,318,0,2,464,1,54.0,0,0,191,14.0,134,2
318,319,1,1,692,0,31.0,0,2,363,164.8667,68,2
319,320,1,1,620,0,40.0,1,1,67,134.5,113,0
320,321,0,3,197,1,22.0,0,0,409,7.25,134,2
321,322,0,3,188,1,27.0,0,0,299,7.8958,134,2
322,323,1,2,611,0,30.0,0,0,105,12.35,134,1
323,324,1,2,121,0,22.0,1,1,134,29.0,134,2
325,326,1,1,704,0,36.0,0,0,485,135.6333,58,0
326,327,0,3,495,1,61.0,0,0,241,6.2375,134,2
327,328,1,2,60,0,36.0,0,0,188,13.0,81,2
328,329,1,3,266,0,31.0,1,1,346,20.525,134,2
329,330,1,1,326,0,16.0,0,1,7,57.9792,13,0
331,332,0,1,521,1,45.5,0,0,15,28.5,50,2
332,333,0,1,275,1,38.0,0,1,464,153.4625,77,2
333,334,0,3,673,1,16.0,2,0,244,18.0,134,2
336,337,0,1,525,1,29.0,1,0,28,66.6,54,2
337,338,1,1,111,0,41.0,0,0,67,134.5,116,0
338,339,1,3,180,1,45.0,0,0,398,8.05,134,2
339,340,0,1,92,1,45.0,0,0,31,35.5,133,2
340,341,1,2,476,1,2.0,1,1,94,26.0,129,2
341,342,1,1,236,0,24.0,3,2,78,263.0,56,2
342,343,0,2,159,1,28.0,0,0,135,13.0,134,2
343,344,0,2,587,1,25.0,0,0,126,13.0,134,2
344,345,0,2,240,1,36.0,0,0,93,13.0,134,2
345,346,1,2,105,0,24.0,0,0,133,13.0,130,2
346,347,1,2,615,0,40.0,0,0,214,13.0,134,2
348,349,1,3,172,1,3.0,1,1,443,15.9,134,2
349,350,0,3,201,1,42.0,0,0,218,8.6625,134,2
350,351,0,3,496,1,23.0,0,0,391,9.225,134,2
352,353,0,3,221,1,15.0,1,1,174,7.2292,134,0
353,354,0,3,37,1,25.0,1,0,305,17.8,134,2
355,356,0,3,670,1,28.0,0,0,255,9.5,134,2
356,357,1,1,100,0,22.0,0,1,22,55.0,112,2
357,358,0,2,245,0,38.0,0,0,112,13.0,134,2
360,361,0,3,609,1,40.0,1,4,278,27.9,134,2
361,362,0,2,712,1,29.0,1,0,501,27.7208,134,0
362,363,0,3,64,0,45.0,0,1,171,14.4542,134,0
363,364,0,3,40,1,35.0,0,0,508,7.05,134,2
365,366,0,3,5,1,30.0,0,0,425,7.25,134,2
366,367,1,1,680,0,60.0,1,0,4,75.25,94,0
369,370,1,1,48,0,24.0,0,0,458,69.3,20,0
370,371,1,1,297,1,25.0,1,0,49,55.4417,120,0
371,372,0,3,696,1,18.0,1,0,203,6.4958,134,2
372,373,0,3,74,1,19.0,0,0,228,8.05,134,2
373,374,0,1,563,1,22.0,0,0,485,135.6333,134,0
374,375,0,3,511,0,3.0,3,1,321,21.075,134,2
376,377,1,3,393,0,22.0,0,0,426,7.25,134,2
377,378,0,1,695,1,27.0,0,2,21,211.5,71,0
378,379,0,3,84,1,20.0,0,0,153,4.0125,134,0
379,380,0,3,285,1,19.0,0,0,265,7.775,134,2
380,381,1,1,85,0,42.0,0,0,482,227.525,134,0
381,382,1,3,471,0,1.0,0,2,156,15.7417,134,0
382,383,0,3,649,1,32.0,0,0,528,7.925,134,2
383,384,1,1,336,0,35.0,1,0,35,52.0,134,2
385,386,0,2,193,1,18.0,0,0,491,73.5,134,2
386,387,0,3,269,1,1.0,5,2,446,46.9,134,2
387,388,1,2,112,0,36.0,0,0,179,13.0,134,2
389,390,1,2,403,0,17.0,0,0,495,12.0,134,0
390,391,1,1,135,1,36.0,1,2,26,120.0,42,2
391,392,1,3,353,1,21.0,0,0,327,7.7958,134,2
392,393,0,3,284,1,28.0,2,0,205,7.925,134,2
393,394,1,1,480,0,23.0,1,0,342,113.275,93,0
394,395,1,3,584,0,24.0,0,2,488,16.7,132,2
395,396,0,3,361,1,22.0,0,0,336,7.7958,134,2
396,397,0,3,500,0,31.0,0,0,340,7.8542,134,2
397,398,0,2,444,1,46.0,0,0,185,26.0,134,2
398,399,0,2,509,1,23.0,0,0,123,10.5,134,2
399,400,1,2,656,0,28.0,0,0,117,12.65,134,2
400,401,1,3,489,1,39.0,0,0,526,7.925,134,2
401,402,0,3,6,1,26.0,0,0,235,8.05,134,2
402,403,0,3,373,0,21.0,1,0,383,9.825,134,2
403,404,0,3,287,1,28.0,1,0,531,15.85,134,2
404,405,0,3,503,0,20.0,0,0,223,8.6625,134,2
405,406,0,2,249,1,34.0,1,0,189,21.0,134,2
406,407,0,3,694,1,51.0,0,0,262,7.75,134,2
407,408,1,2,560,1,3.0,1,1,196,18.75,134,2
408,409,0,3,87,1,21.0,0,0,213,7.775,134,2
412,413,1,1,455,0,33.0,1,0,76,90.0,70,1
414,415,1,3,634,1,44.0,0,0,518,7.925,134,2
416,417,1,2,211,0,34.0,1,1,183,32.5,134,2
417,418,1,2,594,0,18.0,0,2,144,13.0,134,2
418,419,0,2,439,1,30.0,0,0,184,13.0,134,2
419,420,0,3,664,0,10.0,0,2,249,24.15,134,2
421,422,0,3,146,1,21.0,0,0,417,7.7333,134,1
422,423,0,3,708,1,29.0,0,0,215,7.875,134,2
423,424,0,3,186,0,28.0,1,1,272,14.4,134,2
424,425,0,3,569,1,18.0,1,1,368,20.2125,134,2
426,427,1,2,152,0,28.0,1,0,82,26.0,134,2
427,428,1,2,539,0,19.0,0,0,146,26.0,134,2
429,430,1,3,540,1,32.0,0,0,511,8.05,104,2
430,431,1,1,91,1,28.0,0,0,3,26.55,63,2
432,433,1,2,423,0,42.0,1,0,497,26.0,134,2
433,434,0,3,375,1,17.0,0,0,520,7.125,134,2
434,435,0,1,596,1,50.0,1,0,61,55.9,117,2
435,436,1,1,134,0,14.0,1,2,26,120.0,42,2
436,437,0,3,231,0,21.0,2,2,538,34.375,134,2
437,438,1,2,561,0,24.0,2,3,196,18.75,134,2
438,439,0,1,239,1,64.0,1,4,78,263.0,56,2
439,440,0,2,390,1,31.0,0,0,428,10.5,134,2
440,441,1,2,310,0,45.0,1,1,450,26.25,134,2
441,442,0,3,292,1,20.0,0,0,247,9.5,134,2
442,443,0,3,536,1,25.0,1,0,269,7.775,134,2
443,444,1,2,552,0,28.0,0,0,97,13.0,134,2
445,446,1,1,202,1,4.0,0,2,233,81.8583,7,2
446,447,1,2,446,0,13.0,0,1,138,19.5,134,2
447,448,1,1,589,1,34.0,0,0,37,26.55,134,2
448,449,1,3,55,0,5.0,2,1,160,19.2583,134,0
449,450,1,1,538,1,52.0,0,0,32,30.5,45,2
450,451,0,2,687,1,36.0,1,2,442,27.75,134,2
452,453,0,1,235,1,30.0,0,0,17,27.75,47,0
453,454,1,1,262,1,49.0,1,0,69,89.1042,78,0
455,456,1,3,352,1,29.0,0,0,307,7.8958,134,0
456,457,0,1,452,1,65.0,0,0,62,26.55,115,2
458,459,1,2,651,0,50.0,0,0,451,10.5,134,2
460,461,1,1,21,1,48.0,0,0,79,26.55,106,2
461,462,0,3,466,1,34.0,0,0,351,8.05,134,2
462,463,0,1,254,1,47.0,0,0,6,38.5,122,2
463,464,0,2,453,1,48.0,0,0,102,13.0,134,2
465,466,0,3,267,1,38.0,0,0,506,7.05,134,2
467,468,0,1,614,1,56.0,0,0,36,26.55,134,2
469,470,1,3,54,0,0.75,2,1,160,19.2583,134,0
471,472,0,3,118,1,38.0,0,0,219,8.6625,134,2
472,473,1,2,688,0,33.0,1,2,442,27.75,134,2
473,474,1,2,359,0,23.0,0,0,498,13.7917,81,0
474,475,0,3,629,0,22.0,0,0,397,9.8375,134,2
476,477,0,2,549,1,34.0,1,0,211,21.0,134,2
477,478,0,3,102,1,29.0,1,0,256,7.0458,134,2
478,479,0,3,380,1,22.0,0,0,337,7.5208,134,2
479,480,1,3,328,0,2.0,0,1,210,12.2875,134,2
480,481,0,3,268,1,9.0,5,2,446,46.9,134,2
482,483,0,3,574,1,50.0,0,0,414,8.05,134,2
483,484,1,3,660,0,63.0,0,0,380,9.5875,134,2
484,485,1,1,88,1,25.0,1,0,54,91.0792,27,0
486,487,1,1,342,0,35.0,1,0,77,90.0,79,2
487,488,0,1,384,1,58.0,0,0,52,29.7,21,0
488,489,0,3,619,1,30.0,0,0,403,8.05,134,2
489,490,1,3,171,1,9.0,1,1,443,15.9,134,2
491,492,0,3,700,1,21.0,0,0,514,7.25,134,2
492,493,0,1,460,1,55.0,0,0,33,30.5,57,2
493,494,0,1,39,1,71.0,0,0,476,49.5042,134,0
494,495,0,3,624,1,21.0,0,0,404,8.05,134,2
496,497,1,1,225,0,54.0,1,0,364,78.2667,87,0
498,499,0,1,18,0,25.0,1,2,29,151.55,55,2
499,500,0,3,638,1,24.0,0,0,328,7.7958,134,2
500,501,0,3,123,1,17.0,0,0,217,8.6625,134,2
501,502,0,3,125,0,21.0,0,0,355,7.75,134,1
503,504,0,3,392,0,37.0,0,0,381,9.5875,134,2
504,505,1,1,432,0,16.0,0,0,0,86.5,37,2
505,506,0,1,528,1,18.0,1,0,483,108.9,66,0
506,507,1,2,546,0,33.0,0,2,152,26.0,134,2
508,509,0,3,498,1,28.0,0,0,423,22.525,134,2
509,510,1,3,394,1,26.0,0,0,66,56.4958,134,2
510,511,1,3,183,1,29.0,0,0,376,7.75,134,1
512,513,1,1,442,1,36.0,0,0,454,26.2875,110,2
513,514,1,1,573,0,54.0,1,0,473,59.4,134,0
514,515,0,3,157,1,24.0,0,0,295,7.4958,134,2
515,516,0,1,678,1,47.0,0,0,366,34.0208,95,2
516,517,1,2,406,0,34.0,0,0,441,10.5,130,2
518,519,1,2,35,0,36.0,1,0,91,26.0,134,2
519,520,0,3,524,1,32.0,0,0,309,7.8958,134,2
520,521,1,1,532,0,30.0,0,0,56,93.5,35,2
521,522,0,3,676,1,22.0,0,0,318,7.8958,134,2
523,524,1,1,327,0,44.0,0,1,7,57.9792,13,0
525,526,0,3,227,1,40.5,0,0,361,7.75,134,1
526,527,1,2,562,0,50.0,0,0,536,10.5,134,2
528,529,0,3,582,1,39.0,0,0,209,7.925,134,2
529,530,0,2,329,1,23.0,2,1,194,11.5,134,2
530,531,1,2,545,0,2.0,1,1,152,26.0,134,2
532,533,0,3,220,1,17.0,1,1,170,7.2292,134,0
534,535,0,3,117,0,30.0,0,0,216,8.6625,134,2
535,536,1,2,308,0,7.0,0,2,450,26.25,134,2
536,537,0,1,114,1,45.0,0,0,16,26.55,22,2
537,538,1,1,400,0,30.0,0,0,486,106.425,134,0
539,540,1,1,243,0,22.0,0,2,64,49.5,23,0
540,541,1,1,177,0,36.0,0,2,541,71.0,16,2
541,542,0,3,26,0,9.0,4,2,274,31.275,134,2
542,543,0,3,27,0,11.0,4,2,274,31.275,134,2
543,544,1,2,72,1,32.0,1,0,192,26.0,134,2
544,545,0,1,207,1,50.0,1,0,486,106.425,74,0
545,546,0,1,484,1,64.0,0,0,389,26.0,134,2
546,547,1,2,73,0,19.0,1,0,192,26.0,134,2
548,549,0,3,265,1,33.0,1,1,346,20.525,134,2
549,550,1,2,191,1,8.0,1,1,439,36.75,134,2
550,551,1,1,645,1,17.0,0,2,68,110.8833,69,0
551,552,0,2,590,1,27.0,0,0,125,26.0,134,2
553,554,1,3,402,1,22.0,0,0,147,7.225,134,0
554,555,1,3,497,0,22.0,0,0,276,7.775,134,2
555,556,0,1,701,1,62.0,0,0,43,26.55,134,2
556,557,1,1,213,0,48.0,1,0,48,39.6,1,0
558,559,1,1,642,0,39.0,1,1,1,79.65,123,2
559,560,1,3,709,0,36.0,1,0,242,17.4,134,2
561,562,0,3,601,1,40.0,0,0,317,7.8958,134,2
562,563,0,2,490,1,28.0,0,0,85,13.5,134,2
565,566,0,3,192,1,24.0,2,0,405,24.15,134,2
566,567,0,3,628,1,19.0,0,0,292,7.8958,134,2
567,568,0,3,513,0,29.0,0,4,321,21.075,134,2
569,570,1,3,371,1,32.0,0,0,341,7.8542,134,2
570,571,1,2,303,1,62.0,0,0,494,10.5,134,2
571,572,1,1,36,0,53.0,2,0,51,51.4792,43,2
572,573,1,1,230,1,36.0,0,0,455,26.3875,110,2
574,575,0,3,576,1,16.0,0,0,406,8.05,134,2
575,576,0,3,523,1,19.0,0,0,345,14.5,134,2
576,577,1,2,251,0,34.0,0,0,120,13.0,134,2
577,578,1,1,597,0,39.0,1,0,61,55.9,117,2
579,580,1,3,374,1,32.0,0,0,524,7.925,134,2
580,581,1,2,150,0,25.0,1,1,114,30.0,134,2
581,582,1,1,646,0,39.0,1,1,68,110.8833,67,0
582,583,0,2,209,1,54.0,0,0,185,26.0,134,2
583,584,0,1,571,1,36.0,0,0,57,40.125,0,0
585,586,1,1,640,0,18.0,0,2,1,79.65,124,2
586,587,0,2,354,1,47.0,0,0,110,15.0,134,2
587,588,1,1,244,1,60.0,1,1,63,79.2,25,0
588,589,0,3,257,1,22.0,0,0,65,8.05,134,2
590,591,0,3,564,1,35.0,0,0,519,7.125,134,2
591,592,1,1,626,0,52.0,1,0,364,78.2667,87,0
592,593,0,3,222,1,47.0,0,0,415,7.25,134,2
594,595,0,2,145,1,37.0,1,0,496,26.0,134,2
595,596,0,3,665,1,36.0,1,1,249,24.15,134,2
597,598,0,3,366,1,49.0,0,0,452,0.0,134,2
599,600,1,1,214,1,49.0,1,0,460,56.9292,2,0
600,601,1,2,351,0,24.0,2,1,119,27.0,134,2
603,604,0,3,652,1,44.0,0,0,352,8.05,134,2
604,605,1,1,337,1,35.0,0,0,9,26.55,134,0
605,606,0,3,415,1,36.0,1,0,322,15.55,134,2
606,607,0,3,379,1,30.0,0,0,313,7.8958,134,2
607,608,1,1,187,1,27.0,0,0,41,30.5,134,2
608,609,1,2,397,0,22.0,1,2,502,41.5792,134,0
609,610,1,1,593,0,40.0,0,0,464,153.4625,51,2
610,611,0,3,30,0,39.0,1,5,274,31.275,134,2
614,615,0,3,104,1,35.0,0,0,353,8.05,134,2
615,616,1,2,320,0,24.0,1,2,88,65.0,134,2
616,617,0,3,185,1,34.0,1,1,272,14.4,134,2
617,618,0,3,420,0,26.0,1,0,419,16.1,134,2
618,619,1,2,76,0,4.0,2,1,95,39.0,131,2
619,620,0,2,253,1,26.0,0,0,212,10.5,134,2
620,621,0,3,702,1,27.0,1,0,157,14.4542,134,0
621,622,1,1,385,1,42.0,1,0,47,52.5542,86,2
622,623,1,3,472,1,20.0,1,1,156,15.7417,134,0
623,624,0,3,296,1,21.0,0,0,326,7.8542,134,2
624,625,0,3,99,1,21.0,0,0,386,16.1,134,2
625,626,0,1,636,1,61.0,0,0,365,32.3208,99,2
626,627,0,2,388,1,57.0,0,0,86,12.35,134,1
627,628,1,1,422,0,21.0,0,0,60,77.9583,103,2
628,629,0,3,95,1,26.0,0,0,300,7.8958,134,2
630,631,1,1,66,1,80.0,0,0,177,30.0,3,2
631,632,0,3,426,1,51.0,0,0,286,7.0542,134,2
632,633,1,1,621,1,32.0,0,0,59,30.5,29,0
634,635,0,3,607,0,9.0,3,2,278,27.9,134,2
635,636,1,2,194,0,28.0,0,0,111,13.0,134,2
636,637,0,3,404,1,32.0,0,0,527,7.925,134,2
637,638,0,2,162,1,31.0,1,1,437,26.25,134,2
638,639,0,3,519,0,41.0,0,5,208,39.6875,134,2
640,641,0,3,356,1,20.0,0,0,335,7.8542,134,2
641,642,1,1,580,0,24.0,0,0,458,69.3,20,0
642,643,0,3,608,0,2.0,3,2,278,27.9,134,2
644,645,1,3,53,0,0.75,2,1,160,19.2583,134,0
645,646,1,1,300,1,48.0,1,0,463,76.7292,91,0
646,647,0,3,169,1,19.0,0,0,302,7.8958,134,2
647,648,1,1,598,1,56.0,0,0,58,35.5,5,0
649,650,1,3,623,0,23.0,0,0,447,7.55,134,2
651,652,1,2,203,0,18.0,0,1,98,23.0,134,2
652,653,0,3,376,1,21.0,0,0,400,8.4333,134,2
654,655,0,3,316,0,18.0,0,0,359,6.75,134,1
655,656,0,2,323,1,24.0,2,0,491,73.5,134,2
657,658,0,3,98,0,32.0,1,1,356,15.5,134,1
658,659,0,2,217,1,23.0,0,0,200,13.0,134,2
659,660,0,1,481,1,58.0,0,2,342,113.275,97,0
660,661,1,1,242,1,50.0,2,0,478,133.65,134,2
661,662,0,3,57,1,40.0,0,0,148,7.225,134,0
662,663,0,1,160,1,47.0,0,0,387,25.5875,121,2
663,664,0,3,156,1,36.0,0,0,296,7.4958,134,2
664,665,1,3,416,1,20.0,1,0,523,7.925,134,2
665,666,0,2,324,1,32.0,2,0,491,73.5,134,2
666,667,0,2,113,1,25.0,0,0,104,13.0,134,2
668,669,0,3,168,1,43.0,0,0,412,8.05,134,2
670,671,1,2,108,0,40.0,1,1,199,39.0,134,2
671,672,0,1,190,1,31.0,1,0,448,52.0,34,2
672,673,0,2,458,1,70.0,0,0,431,10.5,134,2
673,674,1,2,697,1,31.0,0,0,122,13.0,134,2
675,676,0,3,216,1,18.0,0,0,323,7.775,134,2
676,677,0,3,586,1,24.5,0,0,237,8.05,134,2
677,678,1,3,659,0,18.0,0,0,384,9.8417,134,2
678,679,0,3,273,0,43.0,1,6,446,46.9,134,2
679,680,1,1,128,1,36.0,0,1,480,512.3292,30,0
681,682,1,1,311,1,27.0,0,0,463,76.7292,98,0
682,683,0,3,502,1,20.0,0,0,388,9.225,134,2
683,684,0,3,272,1,14.0,5,2,446,46.9,134,2
684,685,0,2,106,1,60.0,1,1,199,39.0,134,2
685,686,0,2,396,1,25.0,1,2,502,41.5792,134,0
686,687,0,3,518,1,14.0,4,1,208,39.6875,134,2
687,688,0,3,182,1,19.0,0,0,301,10.1708,134,2
688,689,0,3,229,1,18.0,0,0,329,7.7958,134,2
689,690,1,1,429,0,15.0,0,1,118,211.3375,28,2
690,691,1,1,199,1,31.0,1,0,73,57.0,15,2
691,692,1,3,381,0,4.0,0,1,319,13.4167,134,0
693,694,0,3,579,1,25.0,0,0,164,7.225,134,0
694,695,0,1,683,1,60.0,0,0,39,26.55,134,2
695,696,0,2,144,1,52.0,0,0,132,13.5,134,2
696,697,0,3,382,1,44.0,0,0,348,8.05,134,2
698,699,0,1,644,1,49.0,1,1,68,110.8833,67,0
699,700,0,3,343,1,42.0,0,0,287,7.65,127,2
700,701,1,1,45,0,18.0,1,0,482,227.525,65,0
701,702,1,1,595,1,35.0,0,0,456,26.2875,109,2
702,703,0,3,63,0,18.0,0,1,171,14.4542,134,0
703,704,0,3,250,1,25.0,0,0,362,7.7417,134,1
704,705,0,3,295,1,26.0,1,0,324,7.8542,134,2
705,706,0,2,465,1,39.0,0,0,146,26.0,134,2
706,707,1,2,383,0,45.0,0,0,90,13.5,134,2
707,708,1,1,119,1,42.0,0,0,457,26.2875,109,2
708,709,1,1,153,0,22.0,0,0,29,151.55,134,2
710,711,1,1,440,0,24.0,0,0,459,49.5042,76,0
712,713,1,1,643,1,48.0,1,0,81,52.0,52,2
713,714,0,3,398,1,29.0,0,0,394,9.4833,134,2
714,715,0,2,278,1,52.0,0,0,140,13.0,134,2
715,716,0,3,618,1,19.0,0,0,289,7.65,128,2
716,717,1,1,224,0,38.0,0,0,482,227.525,59,0
717,718,1,2,657,0,27.0,0,0,236,10.5,105,2
719,720,0,3,367,1,33.0,0,0,260,7.775,134,2
720,721,1,2,299,0,6.0,0,1,131,33.0,134,2
721,722,0,3,358,1,17.0,1,0,334,7.0542,134,2
722,723,0,2,259,1,34.0,0,0,55,13.0,134,2
723,724,0,2,331,1,50.0,0,0,137,13.0,134,2
724,725,1,1,142,1,27.0,1,0,42,53.1,126,2
725,726,0,3,504,1,20.0,0,0,222,8.6625,134,2
726,727,1,2,550,0,30.0,3,0,211,21.0,134,2
728,729,0,2,109,1,25.0,1,0,108,26.0,134,2
729,730,0,3,348,0,25.0,1,0,530,7.925,134,2
730,731,1,1,14,0,29.0,0,0,118,211.3375,28,2
731,732,0,3,312,1,11.0,0,0,176,18.7875,134,0
733,734,0,2,83,1,23.0,0,0,187,13.0,134,2
734,735,0,2,655,1,23.0,0,0,100,13.0,134,2
735,736,0,3,699,1,28.5,0,0,386,16.1,134,2
736,737,0,3,234,0,48.0,1,3,538,34.375,134,2
737,738,1,1,409,1,35.0,0,0,480,512.3292,12,0
741,742,0,1,139,1,36.0,1,0,75,78.85,60,2
742,743,1,1,578,0,21.0,2,2,475,262.375,31,0
743,744,0,3,445,1,24.0,1,0,375,16.1,134,2
744,745,1,3,630,1,31.0,0,0,525,7.925,134,2
745,746,0,1,176,1,70.0,1,1,541,71.0,16,2
746,747,0,3,1,1,16.0,1,1,432,20.25,134,2
747,748,1,2,599,0,30.0,0,0,141,13.0,134,2
748,749,0,1,438,1,19.0,1,0,27,53.1,90,2
749,750,0,3,165,1,31.0,0,0,232,7.75,134,1
750,751,1,2,685,0,4.0,1,1,193,23.0,134,2
751,752,1,3,462,1,6.0,0,1,379,12.475,107,2
752,753,0,3,668,1,33.0,0,0,253,9.5,134,2
753,754,0,3,370,1,23.0,0,0,291,7.8958,134,2
754,755,1,2,321,0,48.0,1,2,88,65.0,134,2
755,756,1,2,290,1,0.67,1,1,142,14.5,134,2
756,757,0,3,129,1,28.0,0,0,330,7.7958,134,2
757,758,0,2,58,1,18.0,0,0,197,11.5,134,2
758,759,0,3,647,1,34.0,0,0,347,8.05,134,2
759,760,1,1,572,0,33.0,0,0,0,86.5,36,2
761,762,0,3,488,1,41.0,0,0,512,7.125,134,2
762,763,1,3,62,1,20.0,0,0,158,7.2292,134,0
763,764,1,1,137,0,36.0,1,2,26,120.0,42,2
764,765,0,3,218,1,16.0,0,0,268,7.775,134,2
765,766,1,1,332,0,51.0,1,0,60,77.9583,83,2
767,768,0,3,435,0,30.5,0,0,357,7.75,134,1
769,770,0,3,280,1,32.0,0,0,399,8.3625,134,2
770,771,0,3,412,1,24.0,0,0,254,9.5,134,2
771,772,0,3,357,1,48.0,0,0,333,7.8542,134,2
772,773,0,2,428,0,57.0,0,0,490,10.5,125,2
774,775,1,2,330,0,54.0,1,3,195,23.0,134,2
775,776,0,3,468,1,18.0,0,0,271,7.75,134,2
777,778,1,3,223,0,5.0,0,0,354,12.475,134,2
779,780,1,1,565,0,43.0,0,1,118,211.3375,18,2
780,781,1,3,50,0,13.0,0,0,169,7.2292,134,0
781,782,1,1,200,0,17.0,1,0,73,57.0,15,2
782,783,0,1,421,1,29.0,0,0,20,30.0,101,2
784,785,0,3,13,1,25.0,0,0,510,7.05,134,2
785,786,0,3,298,1,25.0,0,0,374,7.25,134,2
786,787,1,3,603,0,18.0,0,0,202,7.4958,134,2
787,788,0,3,556,1,8.0,4,1,377,29.125,134,1
788,789,1,3,195,1,1.0,1,2,429,20.575,134,2
789,790,0,1,281,1,46.0,0,0,467,79.2,39,0
791,792,0,2,252,1,16.0,0,0,116,26.0,134,2
794,795,0,3,189,1,25.0,0,0,290,7.8958,134,2
795,796,0,2,508,1,39.0,0,0,182,13.0,134,2
796,797,1,1,401,0,49.0,0,0,71,25.9292,85,2
797,798,1,3,506,0,31.0,0,0,311,8.6833,134,2
798,799,0,3,345,1,30.0,0,0,168,7.2292,134,0
799,800,0,3,666,0,30.0,1,1,249,24.15,134,2
800,801,0,2,542,1,34.0,0,0,140,13.0,134,2
801,802,1,2,163,0,31.0,1,1,437,26.25,134,2
802,803,1,1,133,1,11.0,1,2,26,120.0,42,2
803,804,1,3,648,1,0.42,0,1,149,8.5167,134,0
804,805,1,3,315,1,27.0,0,0,279,6.975,134,2
805,806,0,3,363,1,31.0,0,0,261,7.775,134,2
806,807,0,1,34,1,39.0,0,0,11,0.0,8,2
807,808,0,3,537,0,18.0,0,0,277,7.775,134,2
808,809,0,2,450,1,39.0,0,0,130,13.0,134,2
809,810,1,1,143,0,33.0,1,0,42,53.1,126,2
810,811,0,3,10,1,26.0,0,0,280,7.8875,134,2
811,812,0,3,408,1,39.0,0,0,405,24.15,134,2
812,813,0,2,612,1,35.0,0,0,181,10.5,134,2
813,814,0,3,23,0,6.0,4,2,274,31.275,134,2
814,815,0,3,650,1,30.5,0,0,349,8.05,134,2
816,817,0,3,318,0,23.0,0,0,534,7.925,134,2
817,818,0,2,434,1,31.0,1,1,489,37.0042,134,0
818,819,0,3,334,1,43.0,0,0,424,6.45,134,2
819,820,0,3,606,1,10.0,3,2,278,27.9,134,2
820,821,1,1,314,0,52.0,1,1,56,93.5,33,2
821,822,1,3,425,1,27.0,0,0,225,8.6625,134,2
822,823,0,1,551,1,38.0,0,0,80,0.0,134,2
823,824,1,3,463,0,27.0,0,1,379,12.475,107,2
824,825,0,3,516,1,2.0,4,1,208,39.6875,134,2
827,828,1,2,433,1,1.0,0,2,489,37.0042,134,0
829,830,1,1,627,0,62.0,0,0,25,80.0,17,3
830,831,1,3,703,0,15.0,1,0,157,14.4542,134,0
831,832,1,2,559,1,0.83,1,1,196,18.75,134,2
833,834,0,3,49,1,23.0,0,0,283,7.8542,134,2
834,835,0,3,19,1,18.0,0,0,89,8.3,134,2
835,836,1,1,164,0,39.0,1,1,481,83.1583,119,0
836,837,0,3,522,1,21.0,0,0,224,8.6625,134,2
838,839,1,3,148,1,32.0,0,0,66,56.4958,134,2
840,841,0,3,11,1,20.0,0,0,513,7.925,134,2
841,842,0,2,467,1,16.0,0,0,490,10.5,134,2
842,843,1,1,588,0,30.0,0,0,38,31.0,134,0
843,844,0,3,405,1,34.5,0,0,167,6.4375,134,0
844,845,0,3,178,1,17.0,0,0,220,8.6625,134,2
845,846,0,3,0,1,42.0,0,0,444,7.55,134,2
847,848,0,3,436,1,35.0,0,0,298,7.8958,134,0
848,849,0,2,302,1,28.0,0,1,131,33.0,134,2
850,851,0,3,22,1,4.0,4,2,274,31.275,134,2
851,852,0,3,637,1,74.0,0,0,258,7.775,134,2
852,853,0,3,96,0,9.0,1,1,165,15.2458,134,0
853,854,1,1,417,0,16.0,0,1,466,39.4,89,2
854,855,0,2,136,0,44.0,1,0,121,26.0,134,2
855,856,1,3,8,0,18.0,0,1,378,9.35,134,2
856,857,1,1,693,0,45.0,1,1,363,164.8667,134,2
857,858,1,1,184,1,51.0,0,0,18,26.55,108,2
858,859,1,3,56,0,24.0,0,3,160,19.2583,134,0
860,861,0,3,294,1,41.0,2,0,325,14.1083,134,2
861,862,0,2,256,1,21.0,1,0,180,11.5,134,2
862,863,1,1,639,0,48.0,0,0,72,25.9292,85,2
864,865,0,2,258,1,24.0,0,0,101,13.0,134,2
865,866,1,2,116,0,42.0,0,0,107,13.0,134,2
866,867,1,2,215,0,27.0,1,0,500,13.8583,134,0
867,868,0,1,567,1,31.0,0,0,465,50.4958,4,2
869,870,1,3,364,1,4.0,1,1,285,11.1333,134,2
870,871,0,3,59,1,26.0,0,0,315,7.8958,134,2
871,872,1,1,78,0,47.0,1,1,45,52.5542,92,2
872,873,0,1,130,1,33.0,0,0,390,5.0,30,2
873,874,0,3,671,1,47.0,0,0,245,9.0,134,2
874,875,1,2,4,0,28.0,1,0,453,24.0,134,0
875,876,1,3,470,0,15.0,0,0,161,7.225,134,0
876,877,0,3,282,1,20.0,0,0,392,9.8458,134,2
877,878,0,3,535,1,19.0,0,0,297,7.8958,134,2
879,880,1,1,544,0,56.0,0,1,50,83.1583,62,0
880,881,1,2,592,0,25.0,0,1,96,26.0,134,2
881,882,0,3,437,1,33.0,0,0,320,7.8958,134,2
882,883,0,3,181,0,22.0,0,0,396,10.5167,134,2
883,884,0,2,61,1,28.0,0,0,445,10.5,134,2
884,885,0,3,635,1,25.0,0,0,515,7.05,134,2
885,886,0,3,557,0,39.0,0,5,377,29.125,134,1
886,887,0,2,461,1,27.0,0,0,83,13.0,134,2
887,888,1,1,274,0,19.0,0,0,12,30.0,26,2
889,890,1,1,80,1,26.0,0,0,8,30.0,53,0
890,891,0,3,205,1,32.0,0,0,371,7.75,134,1
